ISBN,Book Title,Found,Publisher,Author,Language,Stock,Price,Url
9780753555194,Zero to One,,virgin book,peter thiel with blake masters,english,Available,182,https://www.snapdeal.com/product/zero-to-one/664409285227
9780753555194,Zero To One,,ebury publishing,NA,english,Available,199,https://www.snapdeal.com/product/zero-to-one/635519286284#bcrumbSearch:9780753555194
9780753555194,Zero To One (Paperback) (English),,NA,author,language,Available,184,https://www.snapdeal.com/product/zero-to-one/649150103280#bcrumbSearch:9780753555194
9780753555194,"Zero to One - Notes on Start Ups, or How to Build the Future (English, Paperback, Masters Blake)",,penguin uk,peter thiel with blake masters,english,Available,275,https://www.snapdeal.com/product/zero-to-one-notes-on/654672596193#bcrumbSearch:9780753555194
9780753555194,"Zero to One - Notes on Start Ups, or How to Build the Future  (English, Paperback, Masters Blake)",,penguin uk,peter thiel with blake masters,english,Available,250,https://www.snapdeal.com/product/zero-to-one-notes-on/632911949493#bcrumbSearch:9780753555194
9780753555194,"ZERO TO ONE -[0-2-1]-BY PETER THIEL  WITH BLAKE MASTER ,NOTES ON STARTUPS OR HOW TO BUILD THE FUTURE .",,publiser,NA,english,Available,249,https://www.snapdeal.com/product/zero-to-one-021by-peter/645964178492#bcrumbSearch:9780753555194
9780753555194,Zero to One,,ebury publishing,peter thiel with blake masters,english,Available,231,https://www.snapdeal.com/product/zero-to-one/623138154902#bcrumbSearch:9780753555194
9780753555194,"Zero to One - Notes on Start Ups, or How to Build the Future (English, Paperback, Masters Blake)",,penguin uk,thiel with blake masters,english,Available,205,https://www.snapdeal.com/product/zero-to-one-notes-on/625281083870#bcrumbSearch:9780753555194
9780753555194,"Zero to One - Notes on Start Ups, or How to Build the Future (English, Paperback, Masters Blake)",,virgin books,peter thiel with blake masters,english,Available,275,https://www.snapdeal.com/product/zero-to-one-notes-on/672969530583#bcrumbSearch:9780753555194
9780753555194,Zero To One + The New One Minute Manager (Paperback) (English),,penguin,NA,NA,Available,290,https://www.snapdeal.com/product/zero-to-one-the-new/674346808696#bcrumbSearch:9780753555194
9780753555194,Zero to One,,virgin book,peter thiel with blake masters,english,Available,198,https://www.snapdeal.com/product/zero-to-one/685014181298#bcrumbSearch:9780753555194
9780753555194,"ZERO TO ONE,PETER THIEL.",,penguin,peter thiel,NA,Available,214,https://www.snapdeal.com/product/zero-to-onepeter-thiel/670961535369#bcrumbSearch:9780753555194
9780753555194,"Zero to One - Notes on Start Ups, or How to Build the Future (English, Paperback, Masters Blake)",,virgin books,thiel with blake masters,english,Available,225,https://www.snapdeal.com/product/zero-to-one-notes-on/664868657094#bcrumbSearch:9780753555194
9780753555194,"Zero to One - Notes on Start Ups, or How to Build the Future (English, Paperback, Masters Blake)",,virgin books,thiel with blake masters,english,Available,216,https://www.snapdeal.com/product/zero-to-one-notes-on/667589959019#bcrumbSearch:9780753555194
